masa_prije,masa_poslije
24.5694592241398,24.072328486371
23.246514820336,21.8919144390449
23.5001889244959,22.1561846162622
22.4721369253394,21.9849226101877
22.3923131602866,21.2499266567611
24.4552929621064,22.8449341059791
24.6723146679441,23.7629664078187
24.0795063400958,23.0100606588762
25.3834012018196,24.3862832947695
27.0751270284407,26.2677672290039
23.2634532509152,22.078123235019
20.5362466865388,19.8584349607982
